sample_id,original_sample_id,dataset
0,0,Evoland
1,1,Evoland
2,2,Evoland
3,3,Evoland
4,4,Evoland
5,6,Evoland
6,7,Evoland
7,8,Evoland
8,9,Evoland
9,10,Evoland
10,11,Evoland
11,12,Evoland
12,13,Evoland
13,14,Evoland
14,15,Evoland
15,16,Evoland
16,17,Evoland
17,18,Evoland
18,19,Evoland
19,21,Evoland
20,22,Evoland
21,23,Evoland
22,24,Evoland
23,25,Evoland
24,26,Evoland
25,27,Evoland
26,28,Evoland
27,29,Evoland
28,30,Evoland
29,34,Evoland
30,36,Evoland
31,38,Evoland
32,39,Evoland
33,41,Evoland
34,42,Evoland
35,43,Evoland
36,44,Evoland
37,45,Evoland
38,46,Evoland
39,47,Evoland
40,48,Evoland
41,49,Evoland
42,50,Evoland
43,51,Evoland
44,52,Evoland
45,53,Evoland
46,54,Evoland
47,55,Evoland
48,56,Evoland
49,57,Evoland
50,58,Evoland
51,59,Evoland
52,60,Evoland
53,61,Evoland
54,62,Evoland
55,63,Evoland
56,64,Evoland
57,65,Evoland
58,66,Evoland
59,67,Evoland
60,68,Evoland
61,69,Evoland
62,70,Evoland
63,71,Evoland
64,72,Evoland
65,73,Evoland
66,74,Evoland
67,75,Evoland
68,76,Evoland
69,77,Evoland
70,78,Evoland
71,79,Evoland
72,80,Evoland
73,81,Evoland
74,82,Evoland
75,83,Evoland
76,84,Evoland
77,85,Evoland
78,86,Evoland
79,87,Evoland
80,88,Evoland
81,89,Evoland
82,90,Evoland
83,91,Evoland
84,92,Evoland
85,93,Evoland
86,94,Evoland
87,95,Evoland
88,96,Evoland
89,97,Evoland
90,98,Evoland
91,99,Evoland
92,100,Evoland
93,101,Evoland
94,102,Evoland
95,103,Evoland
96,104,Evoland
97,105,Evoland
98,106,Evoland
99,107,Evoland
100,108,Evoland
101,109,Evoland
102,110,Evoland
103,111,Evoland
104,112,Evoland
105,113,Evoland
106,114,Evoland
107,115,Evoland
108,116,Evoland
109,117,Evoland
110,118,Evoland
111,119,Evoland
112,120,Evoland
113,121,Evoland
114,122,Evoland
115,123,Evoland
116,124,Evoland
117,125,Evoland
118,126,Evoland
119,127,Evoland
120,128,Evoland
121,129,Evoland
122,130,Evoland
123,131,Evoland
124,132,Evoland
125,133,Evoland
126,134,Evoland
127,135,Evoland
128,136,Evoland
129,137,Evoland
130,138,Evoland
131,139,Evoland
132,140,Evoland
133,141,Evoland
134,142,Evoland
135,143,Evoland
136,144,Evoland
137,145,Evoland
138,146,Evoland
139,147,Evoland
140,148,Evoland
141,149,Evoland
142,150,Evoland
143,151,Evoland
144,152,Evoland
145,153,Evoland
146,154,Evoland
147,155,Evoland
148,156,Evoland
149,157,Evoland
150,158,Evoland
151,159,Evoland
152,160,Evoland
153,161,Evoland
154,162,Evoland
155,163,Evoland
156,164,Evoland
157,165,Evoland
158,166,Evoland
159,167,Evoland
160,168,Evoland
161,169,Evoland
162,170,Evoland
163,171,Evoland
164,172,Evoland
165,173,Evoland
166,174,Evoland
167,175,Evoland
168,176,Evoland
169,177,Evoland
170,178,Evoland
171,179,Evoland
172,180,Evoland
173,181,Evoland
174,182,Evoland
175,184,Evoland
176,185,Evoland
177,186,Evoland
178,187,Evoland
179,188,Evoland
180,189,Evoland
181,190,Evoland
182,191,Evoland
183,192,Evoland
184,193,Evoland
185,194,Evoland
186,195,Evoland
187,196,Evoland
188,197,Evoland
189,198,Evoland
190,199,Evoland
191,200,Evoland
192,201,Evoland
193,202,Evoland
194,203,Evoland
195,204,Evoland
196,205,Evoland
197,206,Evoland
198,207,Evoland
199,208,Evoland
200,209,Evoland
201,210,Evoland
202,211,Evoland
203,212,Evoland
204,213,Evoland
205,214,Evoland
206,215,Evoland
207,216,Evoland
208,217,Evoland
209,218,Evoland
210,219,Evoland
211,220,Evoland
212,221,Evoland
213,222,Evoland
214,223,Evoland
215,224,Evoland
216,225,Evoland
217,226,Evoland
218,227,Evoland
219,229,Evoland
220,230,Evoland
221,231,Evoland
222,232,Evoland
223,233,Evoland
224,234,Evoland
225,235,Evoland
226,236,Evoland
227,237,Evoland
228,238,Evoland
229,240,Evoland
230,241,Evoland
231,242,Evoland
232,243,Evoland
233,244,Evoland
234,245,Evoland
235,246,Evoland
236,252,Evoland
237,253,Evoland
238,254,Evoland
239,255,Evoland
240,256,Evoland
241,257,Evoland
242,258,Evoland
243,259,Evoland
244,260,Evoland
245,261,Evoland
246,262,Evoland
247,263,Evoland
248,264,Evoland
249,265,Evoland
250,267,Evoland
251,268,Evoland
252,269,Evoland
253,270,Evoland
254,271,Evoland
255,272,Evoland
256,273,Evoland
257,274,Evoland
258,275,Evoland
259,277,Evoland
260,278,Evoland
261,279,Evoland
262,280,Evoland
263,281,Evoland
264,282,Evoland
265,283,Evoland
266,284,Evoland
267,285,Evoland
268,286,Evoland
269,287,Evoland
270,290,Evoland
271,291,Evoland
272,292,Evoland
273,293,Evoland
274,296,Evoland
275,297,Evoland
276,298,Evoland
277,299,Evoland
278,300,Evoland
279,301,Evoland
280,302,Evoland
281,304,Evoland
282,305,Evoland
283,306,Evoland
284,307,Evoland
285,309,Evoland
286,310,Evoland
287,311,Evoland
288,312,Evoland
289,313,Evoland
290,314,Evoland
291,316,Evoland
292,317,Evoland
293,318,Evoland
294,319,Evoland
295,322,Evoland
296,324,Evoland
297,325,Evoland
298,326,Evoland
299,329,Evoland
300,330,Evoland
301,331,Evoland
302,332,Evoland
303,335,Evoland
304,336,Evoland
305,337,Evoland
306,338,Evoland
307,339,Evoland
308,340,Evoland
309,341,Evoland
310,343,Evoland
311,344,Evoland
312,345,Evoland
313,346,Evoland
314,347,Evoland
315,348,Evoland
316,349,Evoland
317,350,Evoland
318,351,Evoland
319,352,Evoland
320,353,Evoland
321,354,Evoland
322,355,Evoland
323,358,Evoland
324,359,Evoland
325,360,Evoland
326,363,Evoland
327,364,Evoland
328,365,Evoland
329,366,Evoland
330,367,Evoland
331,368,Evoland
332,371,Evoland
333,372,Evoland
334,373,Evoland
335,375,Evoland
336,376,Evoland
337,378,Evoland
338,380,Evoland
339,381,Evoland
340,383,Evoland
341,386,Evoland
342,387,Evoland
343,390,Evoland
344,391,Evoland
345,392,Evoland
346,393,Evoland
347,394,Evoland
348,395,Evoland
349,398,Evoland
350,401,Evoland
351,402,Evoland
352,403,Evoland
353,406,Evoland
354,407,Evoland
355,408,Evoland
356,410,Evoland
357,411,Evoland
358,412,Evoland
359,413,Evoland
360,415,Evoland
361,416,Evoland
362,418,Evoland
363,421,Evoland
364,422,Evoland
365,428,Evoland
366,429,Evoland
367,430,Evoland
368,431,Evoland
369,432,Evoland
370,433,Evoland
371,434,Evoland
372,435,Evoland
373,436,Evoland
374,437,Evoland
375,438,Evoland
376,439,Evoland
377,440,Evoland
378,441,Evoland
379,442,Evoland
380,443,Evoland
381,444,Evoland
382,445,Evoland
383,446,Evoland
384,447,Evoland
385,448,Evoland
386,449,Evoland
387,450,Evoland
388,451,Evoland
389,452,Evoland
390,453,Evoland
391,454,Evoland
392,455,Evoland
393,456,Evoland
394,457,Evoland
395,458,Evoland
396,460,Evoland
397,461,Evoland
398,462,Evoland
399,463,Evoland
400,464,Evoland
401,465,Evoland
402,466,Evoland
403,467,Evoland
404,468,Evoland
405,469,Evoland
406,470,Evoland
407,471,Evoland
408,478,Evoland
409,479,Evoland
410,480,Evoland
411,481,Evoland
412,482,Evoland
413,483,Evoland
414,484,Evoland
415,485,Evoland
416,486,Evoland
417,487,Evoland
418,492,Evoland
419,493,Evoland
420,494,Evoland
421,495,Evoland
422,496,Evoland
423,497,Evoland
424,498,Evoland
425,499,Evoland
426,500,Evoland
427,501,Evoland
428,502,Evoland
429,503,Evoland
430,504,Evoland
431,507,Evoland
432,508,Evoland
433,509,Evoland
434,510,Evoland
435,511,Evoland
436,512,Evoland
437,513,Evoland
438,514,Evoland
439,515,Evoland
440,516,Evoland
441,517,Evoland
442,518,Evoland
443,519,Evoland
444,520,Evoland
445,521,Evoland
446,522,Evoland
447,523,Evoland
448,524,Evoland
449,525,Evoland
450,526,Evoland
451,529,Evoland
452,530,Evoland
453,531,Evoland
454,532,Evoland
455,533,Evoland
456,534,Evoland
457,535,Evoland
458,536,Evoland
459,537,Evoland
460,538,Evoland
461,539,Evoland
462,540,Evoland
463,541,Evoland
464,542,Evoland
465,543,Evoland
466,545,Evoland
467,546,Evoland
468,547,Evoland
469,548,Evoland
470,549,Evoland
471,551,Evoland
472,552,Evoland
473,553,Evoland
474,554,Evoland
475,555,Evoland
476,556,Evoland
477,557,Evoland
478,558,Evoland
479,559,Evoland
480,560,Evoland
481,561,Evoland
482,562,Evoland
483,563,Evoland
484,564,Evoland
485,565,Evoland
486,566,Evoland
487,567,Evoland
488,568,Evoland
489,569,Evoland
490,570,Evoland
491,571,Evoland
492,572,Evoland
493,573,Evoland
494,575,Evoland
495,576,Evoland
496,577,Evoland
497,578,Evoland
498,579,Evoland
499,580,Evoland
500,581,Evoland
501,583,Evoland
502,584,Evoland
503,585,Evoland
504,586,Evoland
505,587,Evoland
506,588,Evoland
507,589,Evoland
508,590,Evoland
509,591,Evoland
510,592,Evoland
511,593,Evoland
512,594,Evoland
513,595,Evoland
514,596,Evoland
515,597,Evoland
516,598,Evoland
517,599,Evoland
518,600,Evoland
519,601,Evoland
520,602,Evoland
521,603,Evoland
522,604,Evoland
523,605,Evoland
524,606,Evoland
525,607,Evoland
526,608,Evoland
527,609,Evoland
528,610,Evoland
529,611,Evoland
530,612,Evoland
531,616,Evoland
532,624,Evoland
533,625,Evoland
534,631,Evoland
535,635,Evoland
536,637,Evoland
537,643,Evoland
538,645,Evoland
539,646,Evoland
540,648,Evoland
541,650,Evoland
542,656,Evoland
543,698,Evoland
544,727,Evoland
545,732,Evoland
546,733,Evoland
547,737,Evoland
548,740,Evoland
549,748,Evoland
550,750,Evoland
551,754,Evoland
552,755,Evoland
553,758,Evoland
554,761,Evoland
555,762,Evoland
556,763,Evoland
557,765,Evoland
558,766,Evoland
559,767,Evoland
560,773,Evoland
561,780,Evoland
562,781,Evoland
563,783,Evoland
564,785,Evoland
565,787,Evoland
566,790,Evoland
567,794,Evoland
568,795,Evoland
569,796,Evoland
570,797,Evoland
571,798,Evoland
572,800,Evoland
573,802,Evoland
574,803,Evoland
575,806,Evoland
576,807,Evoland
577,808,Evoland
578,809,Evoland
579,810,Evoland
580,811,Evoland
581,812,Evoland
582,813,Evoland
583,814,Evoland
584,815,Evoland
585,816,Evoland
586,817,Evoland
587,818,Evoland
588,819,Evoland
589,820,Evoland
590,821,Evoland
591,822,Evoland
592,823,Evoland
593,824,Evoland
594,825,Evoland
595,826,Evoland
596,827,Evoland
597,828,Evoland
598,829,Evoland
599,830,Evoland
600,831,Evoland
601,832,Evoland
602,833,Evoland
603,834,Evoland
604,835,Evoland
605,837,Evoland
606,838,Evoland
607,839,Evoland
608,840,Evoland
609,841,Evoland
610,842,Evoland
611,843,Evoland
612,844,Evoland
613,845,Evoland
614,846,Evoland
615,847,Evoland
616,848,Evoland
617,849,Evoland
618,850,Evoland
619,851,Evoland
620,852,Evoland
621,853,Evoland
622,854,Evoland
623,855,Evoland
624,856,Evoland
625,857,Evoland
626,858,Evoland
627,859,Evoland
628,860,Evoland
629,862,Evoland
630,863,Evoland
631,864,Evoland
632,865,Evoland
633,866,Evoland
634,867,Evoland
635,868,Evoland
636,869,Evoland
637,870,Evoland
638,871,Evoland
639,872,Evoland
640,873,Evoland
641,874,Evoland
642,875,Evoland
643,876,Evoland
644,877,Evoland
645,912,Evoland
646,913,Evoland
647,914,Evoland
648,915,Evoland
649,916,Evoland
650,917,Evoland
651,918,Evoland
652,919,Evoland
653,920,Evoland
654,921,Evoland
655,922,Evoland
656,923,Evoland
657,924,Evoland
658,925,Evoland
659,926,Evoland
660,927,Evoland
661,928,Evoland
662,929,Evoland
663,930,Evoland
664,931,Evoland
665,932,Evoland
666,933,Evoland
667,934,Evoland
668,935,Evoland
669,936,Evoland
670,937,Evoland
671,938,Evoland
672,939,Evoland
673,940,Evoland
674,941,Evoland
675,942,Evoland
676,943,Evoland
677,944,Evoland
678,945,Evoland
679,946,Evoland
680,947,Evoland
681,949,Evoland
682,950,Evoland
683,951,Evoland
684,952,Evoland
685,953,Evoland
686,954,Evoland
687,955,Evoland
688,956,Evoland
689,957,Evoland
690,959,Evoland
691,961,Evoland
692,962,Evoland
693,963,Evoland
694,964,Evoland
695,965,Evoland
696,966,Evoland
697,967,Evoland
698,968,Evoland
699,969,Evoland
700,970,Evoland
701,971,Evoland
702,972,Evoland
703,973,Evoland
704,974,Evoland
705,975,Evoland
706,976,Evoland
707,977,Evoland
708,978,Evoland
709,980,Evoland
710,981,Evoland
711,983,Evoland
712,984,Evoland
713,985,Evoland
714,986,Evoland
715,987,Evoland
716,988,Evoland
717,989,Evoland
718,990,Evoland
719,991,Evoland
720,992,Evoland
721,993,Evoland
722,995,Evoland
723,996,Evoland
724,997,Evoland
725,1010,Evoland
726,1012,Evoland
727,1018,Evoland
728,1021,Evoland
729,1023,Evoland
730,1027,Evoland
731,1028,Evoland
732,1029,Evoland
733,1030,Evoland
734,1031,Evoland
735,1033,Evoland
736,1036,Evoland
737,1037,Evoland
738,1038,Evoland
739,1039,Evoland
740,1040,Evoland
741,1041,Evoland
742,1042,Evoland
743,1043,Evoland
744,1044,Evoland
745,1045,Evoland
746,1046,Evoland
747,1047,Evoland
748,1052,Evoland
749,1053,Evoland
750,1054,Evoland
751,1056,Evoland
752,1059,Evoland
753,1064,Evoland
754,1065,Evoland
755,1067,Evoland
756,1068,Evoland
757,1069,Evoland
758,1075,Evoland
759,1077,Evoland
760,1078,Evoland
761,1082,Evoland
762,1085,Evoland
763,1086,Evoland
764,1112,Evoland
765,1113,Evoland
766,1114,Evoland
767,1115,Evoland
768,1116,Evoland
769,1117,Evoland
770,1118,Evoland
771,1119,Evoland
772,1120,Evoland
773,1121,Evoland
774,1122,Evoland
775,1123,Evoland
776,1124,Evoland
777,1125,Evoland
778,1126,Evoland
779,1127,Evoland
780,1128,Evoland
781,1129,Evoland
782,1130,Evoland
783,1131,Evoland
784,1132,Evoland
785,1133,Evoland
786,1134,Evoland
787,1135,Evoland
788,1136,Evoland
789,1137,Evoland
790,1138,Evoland
791,1139,Evoland
792,1140,Evoland
793,1141,Evoland
794,1142,Evoland
795,1143,Evoland
796,1144,Evoland
797,1145,Evoland
798,1146,Evoland
799,1147,Evoland
800,1148,Evoland
801,1149,Evoland
802,1150,Evoland
803,1151,Evoland
804,1152,Evoland
805,1153,Evoland
806,1154,Evoland
807,1155,Evoland
808,1156,Evoland
809,1157,Evoland
810,1158,Evoland
811,1159,Evoland
812,1161,Evoland
813,1162,Evoland
814,1163,Evoland
815,1164,Evoland
816,1165,Evoland
817,1166,Evoland
818,1167,Evoland
819,1168,Evoland
820,1169,Evoland
821,1170,Evoland
822,1171,Evoland
823,1172,Evoland
824,1173,Evoland
825,1174,Evoland
826,1175,Evoland
827,1176,Evoland
828,1177,Evoland
829,1178,Evoland
830,1179,Evoland
831,1180,Evoland
832,1181,Evoland
833,1182,Evoland
834,1183,Evoland
835,1185,Evoland
836,1187,Evoland
837,1190,Evoland
838,1191,Evoland
839,1192,Evoland
840,1193,Evoland
841,1194,Evoland
842,1195,Evoland
843,1196,Evoland
844,1197,Evoland
845,1198,Evoland
846,1199,Evoland
847,1200,Evoland
848,1201,Evoland
849,1202,Evoland
850,1203,Evoland
851,1204,Evoland
852,1205,Evoland
853,1206,Evoland
854,1207,Evoland
855,1208,Evoland
856,1209,Evoland
857,1210,Evoland
858,1211,Evoland
859,1212,Evoland
860,1213,Evoland
861,1214,Evoland
862,1216,Evoland
863,1217,Evoland
864,1218,Evoland
865,1219,Evoland
866,1220,Evoland
867,1221,Evoland
868,1222,Evoland
869,1223,Evoland
870,1224,Evoland
871,1225,Evoland
872,1226,Evoland
873,1227,Evoland
874,1228,Evoland
875,1229,Evoland
876,1230,Evoland
877,1231,Evoland
878,1232,Evoland
879,1234,Evoland
880,1235,Evoland
881,1236,Evoland
882,1237,Evoland
883,1238,Evoland
884,1239,Evoland
885,1240,Evoland
886,1241,Evoland
887,1242,Evoland
888,1243,Evoland
889,1244,Evoland
890,1245,Evoland
891,1246,Evoland
892,1247,Evoland
893,1248,Evoland
894,1249,Evoland
895,1250,Evoland
896,1251,Evoland
897,1252,Evoland
898,1253,Evoland
899,1254,Evoland
900,1255,Evoland
901,1256,Evoland
902,1257,Evoland
903,1258,Evoland
904,1259,Evoland
905,1260,Evoland
906,1261,Evoland
907,1262,Evoland
908,1263,Evoland
909,1264,Evoland
910,1265,Evoland
911,1266,Evoland
912,1267,Evoland
913,1,HRVPP
914,2,HRVPP
915,3,HRVPP
916,4,HRVPP
917,5,HRVPP
918,6,HRVPP
919,7,HRVPP
920,8,HRVPP
921,9,HRVPP
922,10,HRVPP
923,11,HRVPP
924,12,HRVPP
925,13,HRVPP
926,14,HRVPP
927,15,HRVPP
928,16,HRVPP
929,17,HRVPP
930,18,HRVPP
931,19,HRVPP
932,20,HRVPP
933,21,HRVPP
934,22,HRVPP
935,23,HRVPP
936,24,HRVPP
937,25,HRVPP
938,26,HRVPP
939,27,HRVPP
940,28,HRVPP
941,29,HRVPP
942,30,HRVPP
943,31,HRVPP
944,32,HRVPP
945,33,HRVPP
946,34,HRVPP
947,35,HRVPP
948,36,HRVPP
949,37,HRVPP
950,38,HRVPP
951,39,HRVPP
952,40,HRVPP
953,41,HRVPP
954,42,HRVPP
955,43,HRVPP
956,44,HRVPP
957,45,HRVPP
958,46,HRVPP
959,47,HRVPP
960,48,HRVPP
961,49,HRVPP
962,50,HRVPP
963,51,HRVPP
964,52,HRVPP
965,53,HRVPP
966,54,HRVPP
967,55,HRVPP
968,56,HRVPP
969,57,HRVPP
970,58,HRVPP
971,59,HRVPP
972,60,HRVPP
973,61,HRVPP
974,62,HRVPP
975,63,HRVPP
976,64,HRVPP
977,65,HRVPP
978,66,HRVPP
979,67,HRVPP
980,68,HRVPP
981,69,HRVPP
982,70,HRVPP
983,71,HRVPP
984,72,HRVPP
985,73,HRVPP
986,74,HRVPP
987,75,HRVPP
988,76,HRVPP
989,77,HRVPP
990,78,HRVPP
991,79,HRVPP
992,80,HRVPP
993,81,HRVPP
994,82,HRVPP
995,83,HRVPP
996,84,HRVPP
997,85,HRVPP
998,86,HRVPP
999,87,HRVPP
1000,88,HRVPP
1001,89,HRVPP
1002,90,HRVPP
1003,91,HRVPP
1004,92,HRVPP
1005,94,HRVPP
1006,95,HRVPP
1007,96,HRVPP
1008,97,HRVPP
1009,98,HRVPP
1010,99,HRVPP
1011,100,HRVPP
1012,101,HRVPP
1013,102,HRVPP
1014,103,HRVPP
1015,104,HRVPP
1016,105,HRVPP
1017,106,HRVPP
1018,107,HRVPP
1019,108,HRVPP
1020,109,HRVPP
1021,110,HRVPP
1022,111,HRVPP
1023,112,HRVPP
1024,113,HRVPP
1025,114,HRVPP
1026,115,HRVPP
1027,116,HRVPP
1028,117,HRVPP
1029,118,HRVPP
1030,119,HRVPP
1031,120,HRVPP
1032,121,HRVPP
1033,122,HRVPP
1034,123,HRVPP
1035,124,HRVPP
1036,125,HRVPP
1037,126,HRVPP
1038,127,HRVPP
1039,128,HRVPP
1040,129,HRVPP
1041,130,HRVPP
1042,131,HRVPP
1043,132,HRVPP
1044,133,HRVPP
1045,134,HRVPP
1046,135,HRVPP
1047,136,HRVPP
1048,138,HRVPP
1049,139,HRVPP
1050,140,HRVPP
1051,141,HRVPP
1052,142,HRVPP
1053,143,HRVPP
1054,144,HRVPP
1055,145,HRVPP
1056,146,HRVPP
1057,147,HRVPP
1058,148,HRVPP
1059,149,HRVPP
1060,150,HRVPP
1061,151,HRVPP
1062,152,HRVPP
1063,153,HRVPP
1064,154,HRVPP
1065,155,HRVPP
1066,156,HRVPP
1067,157,HRVPP
1068,158,HRVPP
1069,159,HRVPP
1070,160,HRVPP
1071,161,HRVPP
1072,162,HRVPP
1073,163,HRVPP
1074,164,HRVPP
1075,165,HRVPP
1076,166,HRVPP
1077,167,HRVPP
1078,168,HRVPP
1079,169,HRVPP
1080,170,HRVPP
1081,171,HRVPP
1082,172,HRVPP
1083,173,HRVPP
1084,174,HRVPP
1085,175,HRVPP
1086,176,HRVPP
1087,177,HRVPP
1088,178,HRVPP
1089,179,HRVPP
1090,180,HRVPP
1091,181,HRVPP
1092,182,HRVPP
1093,183,HRVPP
1094,184,HRVPP
1095,185,HRVPP
1096,186,HRVPP
1097,187,HRVPP
1098,189,HRVPP
1099,190,HRVPP
1100,191,HRVPP
1101,192,HRVPP
1102,193,HRVPP
1103,194,HRVPP
1104,195,HRVPP
1105,196,HRVPP
1106,197,HRVPP
1107,198,HRVPP
1108,199,HRVPP
1109,200,HRVPP
1110,201,HRVPP
1111,202,HRVPP
1112,203,HRVPP
1113,204,HRVPP
1114,205,HRVPP
1115,206,HRVPP
1116,207,HRVPP
1117,208,HRVPP
1118,209,HRVPP
1119,210,HRVPP
1120,211,HRVPP
1121,212,HRVPP
1122,213,HRVPP
1123,214,HRVPP
1124,215,HRVPP
1125,216,HRVPP
1126,217,HRVPP
1127,218,HRVPP
1128,219,HRVPP
1129,220,HRVPP
1130,222,HRVPP
1131,223,HRVPP
1132,224,HRVPP
1133,225,HRVPP
1134,226,HRVPP
1135,227,HRVPP
1136,229,HRVPP
1137,230,HRVPP
1138,231,HRVPP
1139,232,HRVPP
1140,233,HRVPP
1141,234,HRVPP
1142,235,HRVPP
1143,236,HRVPP
1144,237,HRVPP
1145,238,HRVPP
1146,239,HRVPP
1147,240,HRVPP
1148,241,HRVPP
1149,242,HRVPP
1150,243,HRVPP
1151,244,HRVPP
1152,245,HRVPP
1153,246,HRVPP
1154,247,HRVPP
1155,248,HRVPP
1156,249,HRVPP
1157,250,HRVPP
1158,252,HRVPP
1159,253,HRVPP
1160,254,HRVPP
1161,255,HRVPP
1162,256,HRVPP
1163,257,HRVPP
1164,258,HRVPP
1165,259,HRVPP
1166,260,HRVPP
1167,261,HRVPP
1168,262,HRVPP
1169,263,HRVPP
1170,264,HRVPP
1171,265,HRVPP
1172,266,HRVPP
1173,268,HRVPP
1174,269,HRVPP
1175,270,HRVPP
1176,271,HRVPP
1177,272,HRVPP
1178,273,HRVPP
1179,274,HRVPP
1180,275,HRVPP
1181,276,HRVPP
1182,277,HRVPP
1183,278,HRVPP
1184,279,HRVPP
1185,280,HRVPP
1186,281,HRVPP
1187,282,HRVPP
1188,283,HRVPP
1189,284,HRVPP
1190,285,HRVPP
1191,286,HRVPP
1192,287,HRVPP
1193,288,HRVPP
1194,289,HRVPP
1195,290,HRVPP
1196,291,HRVPP
1197,292,HRVPP
1198,293,HRVPP
1199,294,HRVPP
1200,295,HRVPP
1201,296,HRVPP
1202,297,HRVPP
1203,298,HRVPP
1204,299,HRVPP
1205,300,HRVPP
1206,301,HRVPP
1207,302,HRVPP
1208,303,HRVPP
1209,304,HRVPP
1210,305,HRVPP
1211,306,HRVPP
1212,307,HRVPP
1213,308,HRVPP
1214,309,HRVPP
1215,310,HRVPP
1216,311,HRVPP
1217,312,HRVPP
1218,313,HRVPP
1219,314,HRVPP
1220,315,HRVPP
1221,316,HRVPP
1222,317,HRVPP
1223,318,HRVPP
1224,319,HRVPP
1225,320,HRVPP
1226,321,HRVPP
1227,322,HRVPP
1228,323,HRVPP
1229,324,HRVPP
1230,325,HRVPP
1231,326,HRVPP
1232,327,HRVPP
1233,328,HRVPP
1234,329,HRVPP
1235,330,HRVPP
1236,331,HRVPP
1237,332,HRVPP
1238,333,HRVPP
1239,335,HRVPP
1240,336,HRVPP
1241,337,HRVPP
1242,338,HRVPP
1243,339,HRVPP
1244,340,HRVPP
1245,341,HRVPP
1246,342,HRVPP
1247,343,HRVPP
1248,344,HRVPP
1249,345,HRVPP
1250,346,HRVPP
1251,347,HRVPP
1252,348,HRVPP
1253,349,HRVPP
1254,350,HRVPP
1255,351,HRVPP
1256,352,HRVPP
1257,354,HRVPP
1258,355,HRVPP
1259,356,HRVPP
1260,357,HRVPP
1261,359,HRVPP
1262,360,HRVPP
1263,361,HRVPP
1264,362,HRVPP
1265,363,HRVPP
1266,364,HRVPP
1267,365,HRVPP
1268,366,HRVPP
1269,367,HRVPP
1270,368,HRVPP
1271,369,HRVPP
1272,370,HRVPP
1273,371,HRVPP
1274,372,HRVPP
1275,373,HRVPP
1276,374,HRVPP
1277,375,HRVPP
1278,376,HRVPP
1279,377,HRVPP
1280,378,HRVPP
1281,379,HRVPP
1282,380,HRVPP
1283,381,HRVPP
1284,382,HRVPP
1285,383,HRVPP
1286,384,HRVPP
1287,385,HRVPP
1288,387,HRVPP
1289,388,HRVPP
1290,389,HRVPP
1291,390,HRVPP
1292,391,HRVPP
1293,392,HRVPP
1294,393,HRVPP
1295,394,HRVPP
1296,395,HRVPP
1297,396,HRVPP
1298,397,HRVPP
1299,398,HRVPP
1300,399,HRVPP
1301,400,HRVPP
1302,401,HRVPP
1303,402,HRVPP
1304,403,HRVPP
1305,404,HRVPP
1306,405,HRVPP
1307,406,HRVPP
1308,407,HRVPP
1309,408,HRVPP
1310,409,HRVPP
1311,410,HRVPP
1312,411,HRVPP
1313,412,HRVPP
1314,413,HRVPP
1315,414,HRVPP
1316,415,HRVPP
1317,416,HRVPP
1318,417,HRVPP
1319,418,HRVPP
1320,419,HRVPP
1321,420,HRVPP
1322,421,HRVPP
1323,422,HRVPP
1324,423,HRVPP
1325,424,HRVPP
1326,425,HRVPP
1327,426,HRVPP
1328,427,HRVPP
1329,428,HRVPP
1330,429,HRVPP
1331,430,HRVPP
1332,431,HRVPP
1333,432,HRVPP
1334,433,HRVPP
1335,434,HRVPP
1336,435,HRVPP
1337,436,HRVPP
1338,437,HRVPP
1339,438,HRVPP
1340,439,HRVPP
1341,440,HRVPP
1342,441,HRVPP
1343,442,HRVPP
1344,443,HRVPP
1345,444,HRVPP
1346,445,HRVPP
1347,446,HRVPP
1348,447,HRVPP
1349,448,HRVPP
1350,449,HRVPP
1351,450,HRVPP
1352,451,HRVPP
1353,452,HRVPP
1354,453,HRVPP
1355,454,HRVPP
1356,455,HRVPP
1357,456,HRVPP
1358,457,HRVPP
1359,458,HRVPP
1360,459,HRVPP
1361,460,HRVPP
1362,461,HRVPP
1363,462,HRVPP
1364,463,HRVPP
1365,464,HRVPP
1366,465,HRVPP
1367,466,HRVPP
1368,467,HRVPP
1369,468,HRVPP
1370,469,HRVPP
1371,470,HRVPP
1372,471,HRVPP
1373,472,HRVPP
1374,473,HRVPP
1375,474,HRVPP
1376,475,HRVPP
1377,476,HRVPP
1378,477,HRVPP
1379,478,HRVPP
1380,479,HRVPP
1381,480,HRVPP
1382,481,HRVPP
1383,482,HRVPP
1384,483,HRVPP
1385,484,HRVPP
1386,485,HRVPP
1387,486,HRVPP
1388,487,HRVPP
1389,488,HRVPP
1390,489,HRVPP
1391,490,HRVPP
1392,491,HRVPP
1393,492,HRVPP
1394,493,HRVPP
1395,494,HRVPP
1396,495,HRVPP
1397,496,HRVPP
1398,497,HRVPP
1399,498,HRVPP
1400,499,HRVPP
1401,500,HRVPP
1402,501,HRVPP
1403,503,HRVPP
1404,504,HRVPP
1405,505,HRVPP
1406,506,HRVPP
1407,507,HRVPP
1408,508,HRVPP
1409,509,HRVPP
1410,510,HRVPP
1411,511,HRVPP
1412,512,HRVPP
1413,513,HRVPP
1414,515,HRVPP
1415,516,HRVPP
1416,518,HRVPP
1417,519,HRVPP
1418,520,HRVPP
1419,521,HRVPP
1420,522,HRVPP
1421,523,HRVPP
1422,524,HRVPP
1423,525,HRVPP
1424,526,HRVPP
1425,527,HRVPP
1426,528,HRVPP
1427,529,HRVPP
1428,530,HRVPP
1429,531,HRVPP
1430,532,HRVPP
1431,533,HRVPP
1432,534,HRVPP
1433,535,HRVPP
1434,536,HRVPP
1435,537,HRVPP
1436,538,HRVPP
1437,539,HRVPP
1438,540,HRVPP
1439,541,HRVPP
1440,542,HRVPP
1441,543,HRVPP
1442,544,HRVPP
1443,545,HRVPP
1444,546,HRVPP
1445,548,HRVPP
1446,549,HRVPP
1447,550,HRVPP
1448,551,HRVPP
1449,552,HRVPP
1450,553,HRVPP
1451,554,HRVPP
1452,555,HRVPP
1453,556,HRVPP
1454,557,HRVPP
1455,558,HRVPP
1456,559,HRVPP
1457,560,HRVPP
1458,561,HRVPP
1459,562,HRVPP
1460,563,HRVPP
1461,564,HRVPP
1462,565,HRVPP
1463,566,HRVPP
1464,567,HRVPP
1465,568,HRVPP
1466,569,HRVPP
1467,570,HRVPP
1468,571,HRVPP
1469,572,HRVPP
1470,573,HRVPP
1471,574,HRVPP
1472,575,HRVPP
1473,576,HRVPP
1474,577,HRVPP
1475,578,HRVPP
1476,579,HRVPP
1477,580,HRVPP
1478,581,HRVPP
1479,582,HRVPP
1480,583,HRVPP
1481,584,HRVPP
1482,585,HRVPP
1483,586,HRVPP
1484,587,HRVPP
1485,588,HRVPP
1486,589,HRVPP
1487,590,HRVPP
1488,591,HRVPP
1489,592,HRVPP
1490,593,HRVPP
1491,594,HRVPP
1492,596,HRVPP
1493,597,HRVPP
1494,598,HRVPP
1495,599,HRVPP
1496,600,HRVPP
1497,601,HRVPP
1498,602,HRVPP
1499,603,HRVPP
1500,604,HRVPP
1501,605,HRVPP
1502,606,HRVPP
1503,607,HRVPP
1504,608,HRVPP
1505,609,HRVPP
1506,610,HRVPP
1507,612,HRVPP
1508,613,HRVPP
1509,614,HRVPP
1510,615,HRVPP
1511,616,HRVPP
1512,617,HRVPP
1513,618,HRVPP
1514,619,HRVPP
1515,620,HRVPP
1516,621,HRVPP
1517,622,HRVPP
1518,623,HRVPP
1519,625,HRVPP
1520,626,HRVPP
1521,627,HRVPP
1522,628,HRVPP
1523,629,HRVPP
1524,631,HRVPP
1525,632,HRVPP
1526,633,HRVPP
1527,634,HRVPP
1528,635,HRVPP
1529,636,HRVPP
1530,637,HRVPP
1531,638,HRVPP
1532,639,HRVPP
1533,640,HRVPP
1534,641,HRVPP
1535,642,HRVPP
1536,643,HRVPP
1537,644,HRVPP
1538,646,HRVPP
1539,647,HRVPP
1540,648,HRVPP
1541,649,HRVPP
1542,650,HRVPP
1543,651,HRVPP
1544,652,HRVPP
1545,653,HRVPP
1546,654,HRVPP
1547,655,HRVPP
1548,656,HRVPP
1549,657,HRVPP
1550,659,HRVPP
1551,660,HRVPP
1552,661,HRVPP
1553,662,HRVPP
1554,663,HRVPP
1555,664,HRVPP
1556,665,HRVPP
1557,666,HRVPP
1558,667,HRVPP
1559,668,HRVPP
1560,669,HRVPP
1561,670,HRVPP
1562,671,HRVPP
1563,672,HRVPP
1564,673,HRVPP
1565,674,HRVPP
1566,675,HRVPP
1567,676,HRVPP
1568,677,HRVPP
1569,678,HRVPP
1570,679,HRVPP
1571,680,HRVPP
1572,681,HRVPP
1573,682,HRVPP
1574,683,HRVPP
1575,684,HRVPP
1576,685,HRVPP
1577,686,HRVPP
1578,687,HRVPP
1579,688,HRVPP
1580,689,HRVPP
1581,690,HRVPP
1582,691,HRVPP
1583,692,HRVPP
1584,693,HRVPP
1585,694,HRVPP
1586,695,HRVPP
1587,696,HRVPP
1588,697,HRVPP
1589,698,HRVPP
1590,699,HRVPP
1591,700,HRVPP
1592,701,HRVPP
1593,702,HRVPP
1594,704,HRVPP
1595,705,HRVPP
1596,706,HRVPP
1597,707,HRVPP
1598,708,HRVPP
1599,709,HRVPP
1600,710,HRVPP
1601,711,HRVPP
1602,712,HRVPP
1603,713,HRVPP
1604,714,HRVPP
1605,715,HRVPP
1606,716,HRVPP
1607,717,HRVPP
1608,718,HRVPP
1609,719,HRVPP
1610,720,HRVPP
1611,721,HRVPP
1612,722,HRVPP
1613,723,HRVPP
1614,725,HRVPP
1615,726,HRVPP
1616,727,HRVPP
1617,728,HRVPP
1618,729,HRVPP
1619,730,HRVPP
1620,731,HRVPP
1621,732,HRVPP
1622,733,HRVPP
1623,734,HRVPP
1624,735,HRVPP
1625,736,HRVPP
1626,737,HRVPP
1627,738,HRVPP
1628,739,HRVPP
1629,740,HRVPP
1630,741,HRVPP
1631,742,HRVPP
1632,743,HRVPP
1633,744,HRVPP
1634,745,HRVPP
1635,746,HRVPP
1636,747,HRVPP
1637,748,HRVPP
1638,749,HRVPP
1639,750,HRVPP
1640,751,HRVPP
1641,752,HRVPP
1642,753,HRVPP
1643,754,HRVPP
1644,755,HRVPP
1645,756,HRVPP
1646,757,HRVPP
1647,758,HRVPP
1648,760,HRVPP
1649,761,HRVPP
1650,762,HRVPP
1651,763,HRVPP
1652,764,HRVPP
1653,765,HRVPP
1654,766,HRVPP
1655,767,HRVPP
1656,768,HRVPP
1657,770,HRVPP
1658,771,HRVPP
1659,772,HRVPP
1660,774,HRVPP
1661,775,HRVPP
1662,776,HRVPP
1663,777,HRVPP
1664,778,HRVPP
1665,779,HRVPP
1666,780,HRVPP
1667,781,HRVPP
1668,783,HRVPP
1669,784,HRVPP
1670,785,HRVPP
1671,786,HRVPP
1672,787,HRVPP
1673,788,HRVPP
1674,789,HRVPP
1675,790,HRVPP
1676,791,HRVPP
1677,792,HRVPP
1678,793,HRVPP
1679,794,HRVPP
1680,795,HRVPP
1681,796,HRVPP
1682,797,HRVPP
1683,798,HRVPP
1684,799,HRVPP
1685,800,HRVPP
1686,802,HRVPP
1687,803,HRVPP
1688,804,HRVPP
1689,805,HRVPP
1690,806,HRVPP
1691,807,HRVPP
1692,808,HRVPP
1693,809,HRVPP
1694,810,HRVPP
1695,812,HRVPP
1696,813,HRVPP
1697,814,HRVPP
1698,815,HRVPP
1699,817,HRVPP
1700,818,HRVPP
1701,819,HRVPP
1702,820,HRVPP
1703,821,HRVPP
1704,822,HRVPP
1705,823,HRVPP
1706,824,HRVPP
1707,825,HRVPP
1708,826,HRVPP
1709,827,HRVPP
1710,828,HRVPP
1711,829,HRVPP
1712,830,HRVPP
1713,831,HRVPP
1714,832,HRVPP
1715,833,HRVPP
1716,834,HRVPP
1717,835,HRVPP
1718,836,HRVPP
1719,837,HRVPP
1720,838,HRVPP
1721,840,HRVPP
1722,841,HRVPP
1723,842,HRVPP
1724,845,HRVPP
1725,846,HRVPP
1726,847,HRVPP
1727,848,HRVPP
1728,849,HRVPP
1729,850,HRVPP
1730,851,HRVPP
1731,852,HRVPP
1732,853,HRVPP
1733,854,HRVPP
1734,855,HRVPP
1735,856,HRVPP
1736,857,HRVPP
1737,858,HRVPP
1738,859,HRVPP
1739,860,HRVPP
1740,861,HRVPP
1741,862,HRVPP
1742,863,HRVPP
1743,864,HRVPP
1744,865,HRVPP
1745,866,HRVPP
1746,867,HRVPP
1747,868,HRVPP
1748,870,HRVPP
1749,871,HRVPP
1750,872,HRVPP
1751,873,HRVPP
1752,874,HRVPP
1753,875,HRVPP
1754,876,HRVPP
1755,877,HRVPP
1756,878,HRVPP
1757,879,HRVPP
1758,880,HRVPP
1759,881,HRVPP
1760,882,HRVPP
1761,883,HRVPP
1762,884,HRVPP
1763,885,HRVPP
1764,886,HRVPP
1765,887,HRVPP
1766,888,HRVPP
1767,889,HRVPP
1768,890,HRVPP
1769,891,HRVPP
1770,892,HRVPP
1771,893,HRVPP
1772,894,HRVPP
1773,895,HRVPP
1774,896,HRVPP
1775,897,HRVPP
1776,898,HRVPP
1777,899,HRVPP
1778,900,HRVPP
1779,901,HRVPP
1780,902,HRVPP
1781,903,HRVPP
1782,905,HRVPP
1783,906,HRVPP
1784,907,HRVPP
1785,908,HRVPP
1786,909,HRVPP
1787,910,HRVPP
1788,911,HRVPP
1789,912,HRVPP
1790,913,HRVPP
1791,914,HRVPP
1792,915,HRVPP
1793,916,HRVPP
1794,917,HRVPP
1795,918,HRVPP
1796,919,HRVPP
1797,920,HRVPP
1798,921,HRVPP
1799,922,HRVPP
1800,923,HRVPP
1801,924,HRVPP
1802,925,HRVPP
1803,926,HRVPP
1804,927,HRVPP
1805,928,HRVPP
1806,929,HRVPP
1807,930,HRVPP
1808,931,HRVPP
1809,932,HRVPP
1810,933,HRVPP
1811,934,HRVPP
1812,935,HRVPP
1813,936,HRVPP
1814,937,HRVPP
1815,938,HRVPP
1816,940,HRVPP
1817,941,HRVPP
1818,942,HRVPP
1819,943,HRVPP
1820,944,HRVPP
1821,945,HRVPP
1822,946,HRVPP
1823,948,HRVPP
1824,950,HRVPP
1825,951,HRVPP
1826,952,HRVPP
1827,953,HRVPP
1828,954,HRVPP
1829,955,HRVPP
1830,956,HRVPP
1831,957,HRVPP
1832,958,HRVPP
1833,959,HRVPP
1834,960,HRVPP
1835,961,HRVPP
1836,962,HRVPP
1837,963,HRVPP
1838,964,HRVPP
1839,965,HRVPP
1840,966,HRVPP
1841,967,HRVPP
1842,968,HRVPP
1843,969,HRVPP
1844,971,HRVPP
1845,972,HRVPP
1846,973,HRVPP
1847,974,HRVPP
1848,976,HRVPP
1849,977,HRVPP
1850,978,HRVPP
1851,979,HRVPP
1852,980,HRVPP
1853,981,HRVPP
1854,982,HRVPP
1855,983,HRVPP
1856,984,HRVPP
1857,985,HRVPP
1858,986,HRVPP
1859,987,HRVPP
1860,988,HRVPP
1861,989,HRVPP
1862,990,HRVPP
1863,991,HRVPP
1864,992,HRVPP
1865,993,HRVPP
1866,994,HRVPP
1867,995,HRVPP
1868,996,HRVPP
1869,997,HRVPP
1870,998,HRVPP
1871,999,HRVPP
1872,1000,HRVPP
1873,1001,HRVPP
1874,1002,HRVPP
1875,1004,HRVPP
1876,1005,HRVPP
1877,1006,HRVPP
1878,1007,HRVPP
1879,1008,HRVPP
1880,1010,HRVPP
1881,1011,HRVPP
1882,1012,HRVPP
1883,1013,HRVPP
1884,1014,HRVPP
1885,1015,HRVPP
1886,1016,HRVPP
1887,1017,HRVPP
1888,1018,HRVPP
1889,1019,HRVPP
1890,1020,HRVPP
1891,1021,HRVPP
1892,1022,HRVPP
1893,1023,HRVPP
1894,1024,HRVPP
1895,1025,HRVPP
1896,1026,HRVPP
1897,1027,HRVPP
1898,1028,HRVPP
1899,1029,HRVPP
1900,1030,HRVPP
1901,1032,HRVPP
1902,1033,HRVPP
1903,1034,HRVPP
1904,1035,HRVPP
1905,1036,HRVPP
1906,1037,HRVPP
1907,1038,HRVPP
1908,1039,HRVPP
1909,1040,HRVPP
1910,1041,HRVPP
1911,1043,HRVPP
1912,1044,HRVPP
1913,1045,HRVPP
1914,1046,HRVPP
1915,1047,HRVPP
1916,1048,HRVPP
1917,1049,HRVPP
1918,1050,HRVPP
1919,1051,HRVPP
1920,1052,HRVPP
1921,1053,HRVPP
1922,1054,HRVPP
1923,1055,HRVPP
1924,1056,HRVPP
1925,1057,HRVPP
1926,1058,HRVPP
1927,1059,HRVPP
1928,1061,HRVPP
1929,1062,HRVPP
1930,1063,HRVPP
1931,1064,HRVPP
1932,1065,HRVPP
1933,1066,HRVPP
1934,1067,HRVPP
1935,1068,HRVPP
1936,1069,HRVPP
1937,1070,HRVPP
1938,1071,HRVPP
1939,1072,HRVPP
1940,1074,HRVPP
1941,1075,HRVPP
1942,1076,HRVPP
1943,1077,HRVPP
1944,1078,HRVPP
1945,1079,HRVPP
1946,1080,HRVPP
1947,1081,HRVPP
1948,1082,HRVPP
1949,1083,HRVPP
1950,1084,HRVPP
1951,1085,HRVPP
1952,1086,HRVPP
1953,1087,HRVPP
1954,1088,HRVPP
1955,1089,HRVPP
1956,1090,HRVPP
1957,1091,HRVPP
1958,1092,HRVPP
1959,1093,HRVPP
1960,1094,HRVPP
1961,1095,HRVPP
1962,1096,HRVPP
1963,1097,HRVPP
1964,1098,HRVPP
1965,1099,HRVPP
1966,1100,HRVPP
1967,1101,HRVPP
1968,1102,HRVPP
1969,1103,HRVPP
1970,1104,HRVPP
1971,1105,HRVPP
1972,1106,HRVPP
1973,1107,HRVPP
1974,1108,HRVPP
1975,1109,HRVPP
1976,1110,HRVPP
1977,1111,HRVPP
1978,1112,HRVPP
1979,1113,HRVPP
1980,1114,HRVPP
1981,1115,HRVPP
1982,1118,HRVPP
1983,1119,HRVPP
1984,1120,HRVPP
1985,1121,HRVPP
1986,1122,HRVPP
1987,1123,HRVPP
1988,1124,HRVPP
1989,1125,HRVPP
1990,1126,HRVPP
1991,1127,HRVPP
1992,1128,HRVPP
1993,1129,HRVPP
1994,1130,HRVPP
1995,1131,HRVPP
1996,1132,HRVPP
1997,1133,HRVPP
1998,1134,HRVPP
1999,1135,HRVPP
2000,1136,HRVPP
2001,1137,HRVPP
2002,1138,HRVPP
2003,1139,HRVPP
2004,1140,HRVPP
2005,1141,HRVPP
2006,1142,HRVPP
2007,1143,HRVPP
2008,1144,HRVPP
2009,1145,HRVPP
2010,1146,HRVPP
2011,1147,HRVPP
2012,1148,HRVPP
2013,1149,HRVPP
2014,1150,HRVPP
2015,1151,HRVPP
2016,1152,HRVPP
2017,1153,HRVPP
2018,1154,HRVPP
2019,1155,HRVPP
2020,1156,HRVPP
2021,1157,HRVPP
2022,1158,HRVPP
2023,1159,HRVPP
2024,1160,HRVPP
2025,1161,HRVPP
2026,1162,HRVPP
2027,1163,HRVPP
2028,1164,HRVPP
2029,1165,HRVPP
2030,1166,HRVPP
2031,1167,HRVPP
2032,1168,HRVPP
2033,1169,HRVPP
2034,1170,HRVPP
2035,1171,HRVPP
2036,1172,HRVPP
2037,1173,HRVPP
2038,1174,HRVPP
2039,1175,HRVPP
2040,1176,HRVPP
2041,1177,HRVPP
2042,1178,HRVPP
2043,1179,HRVPP
2044,1180,HRVPP
2045,1181,HRVPP
2046,1182,HRVPP
2047,1183,HRVPP
2048,1185,HRVPP
2049,1186,HRVPP
2050,1187,HRVPP
2051,1188,HRVPP
2052,1189,HRVPP
2053,1190,HRVPP
2054,1191,HRVPP
2055,1192,HRVPP
2056,1193,HRVPP
2057,1194,HRVPP
2058,1195,HRVPP
2059,1196,HRVPP
2060,1197,HRVPP
2061,1198,HRVPP
2062,1199,HRVPP
2063,1200,HRVPP
2064,1201,HRVPP
2065,1202,HRVPP
2066,1203,HRVPP
2067,1204,HRVPP
2068,1205,HRVPP
2069,1206,HRVPP
2070,1207,HRVPP
2071,1208,HRVPP
2072,1209,HRVPP
2073,1210,HRVPP
2074,1211,HRVPP
2075,1213,HRVPP
2076,1214,HRVPP
2077,1215,HRVPP
2078,1216,HRVPP
2079,1217,HRVPP
2080,1218,HRVPP
2081,1219,HRVPP
2082,1220,HRVPP
2083,1221,HRVPP
2084,1222,HRVPP
2085,1223,HRVPP
2086,1224,HRVPP
2087,1225,HRVPP
2088,1226,HRVPP
2089,1227,HRVPP
2090,1228,HRVPP
2091,1229,HRVPP
2092,1230,HRVPP
2093,1231,HRVPP
2094,1232,HRVPP
2095,1233,HRVPP
2096,1234,HRVPP
2097,1235,HRVPP
2098,1236,HRVPP
2099,1237,HRVPP
2100,1238,HRVPP
2101,1239,HRVPP
2102,1240,HRVPP
2103,1241,HRVPP
2104,1242,HRVPP
2105,1243,HRVPP
2106,1244,HRVPP
2107,1246,HRVPP
2108,1247,HRVPP
2109,1248,HRVPP
2110,1249,HRVPP
2111,1250,HRVPP
2112,1251,HRVPP
2113,1252,HRVPP
2114,1253,HRVPP
2115,1254,HRVPP
2116,1255,HRVPP
2117,1256,HRVPP
2118,1257,HRVPP
2119,1258,HRVPP
2120,1259,HRVPP
2121,1260,HRVPP
2122,1261,HRVPP
2123,1262,HRVPP
2124,1263,HRVPP
2125,1264,HRVPP
2126,1265,HRVPP
2127,1266,HRVPP
2128,1268,HRVPP
2129,1269,HRVPP
2130,1270,HRVPP
2131,1271,HRVPP
2132,1272,HRVPP
2133,1273,HRVPP
2134,1274,HRVPP
2135,1275,HRVPP
2136,1276,HRVPP
2137,1277,HRVPP
2138,1278,HRVPP
2139,1279,HRVPP
2140,1280,HRVPP
2141,1281,HRVPP
2142,1283,HRVPP
2143,1284,HRVPP
2144,1285,HRVPP
2145,1286,HRVPP
2146,1287,HRVPP
2147,1288,HRVPP
2148,1289,HRVPP
2149,1290,HRVPP
2150,1291,HRVPP
2151,1292,HRVPP
2152,1293,HRVPP
2153,1294,HRVPP
2154,1296,HRVPP
2155,1297,HRVPP
2156,1298,HRVPP
2157,1299,HRVPP
2158,1300,HRVPP
2159,1301,HRVPP
2160,1302,HRVPP
2161,1303,HRVPP
2162,1304,HRVPP
2163,1305,HRVPP
2164,1306,HRVPP
2165,1307,HRVPP
2166,1308,HRVPP
2167,1309,HRVPP
2168,1310,HRVPP
2169,1311,HRVPP
2170,1312,HRVPP
2171,1313,HRVPP
2172,1314,HRVPP
2173,1315,HRVPP
2174,1316,HRVPP
2175,1317,HRVPP
2176,1318,HRVPP
2177,1319,HRVPP
2178,1320,HRVPP
2179,1321,HRVPP
2180,1322,HRVPP
2181,1323,HRVPP
2182,1324,HRVPP
2183,1325,HRVPP
2184,1326,HRVPP
2185,1327,HRVPP
2186,1328,HRVPP
2187,1329,HRVPP
2188,1330,HRVPP
2189,1331,HRVPP
2190,1332,HRVPP
2191,1333,HRVPP
2192,1334,HRVPP
2193,1336,HRVPP
2194,1337,HRVPP
2195,1338,HRVPP
2196,1339,HRVPP
2197,1340,HRVPP
2198,1341,HRVPP
2199,1342,HRVPP
2200,1343,HRVPP
2201,1344,HRVPP
2202,1345,HRVPP
2203,1346,HRVPP
2204,1347,HRVPP
2205,1348,HRVPP
2206,1349,HRVPP
2207,1350,HRVPP
2208,1351,HRVPP
2209,1352,HRVPP
2210,1353,HRVPP
2211,1354,HRVPP
2212,1355,HRVPP
2213,1356,HRVPP
2214,1357,HRVPP
2215,1359,HRVPP
2216,1360,HRVPP
2217,1361,HRVPP
2218,1362,HRVPP
2219,1364,HRVPP
2220,1366,HRVPP
2221,1367,HRVPP
2222,1368,HRVPP
2223,1369,HRVPP
2224,1370,HRVPP
2225,1371,HRVPP
2226,1372,HRVPP
2227,1373,HRVPP
2228,1374,HRVPP
2229,1375,HRVPP
2230,1376,HRVPP
2231,1377,HRVPP
2232,1378,HRVPP
2233,1379,HRVPP
2234,1380,HRVPP
2235,1381,HRVPP
2236,1382,HRVPP
2237,1383,HRVPP
2238,1384,HRVPP
2239,1385,HRVPP
2240,1386,HRVPP
2241,1387,HRVPP
2242,1388,HRVPP
2243,1389,HRVPP
2244,1390,HRVPP
2245,1391,HRVPP
2246,1392,HRVPP
2247,1393,HRVPP
2248,1394,HRVPP
2249,1395,HRVPP
2250,1396,HRVPP
2251,1397,HRVPP
2252,1398,HRVPP
2253,1399,HRVPP
2254,1400,HRVPP
2255,1401,HRVPP
2256,1402,HRVPP
2257,1403,HRVPP
2258,1404,HRVPP
2259,1405,HRVPP
2260,1406,HRVPP
2261,1407,HRVPP
2262,1408,HRVPP
2263,1409,HRVPP
2264,1410,HRVPP
2265,1411,HRVPP
2266,1412,HRVPP
2267,1413,HRVPP
2268,1414,HRVPP
2269,1415,HRVPP
2270,1416,HRVPP
2271,1417,HRVPP
2272,1418,HRVPP
2273,1419,HRVPP
2274,1420,HRVPP
2275,1421,HRVPP
2276,1422,HRVPP
2277,1423,HRVPP
2278,1424,HRVPP
2279,1425,HRVPP
2280,1426,HRVPP
2281,1427,HRVPP
2282,1428,HRVPP
2283,1429,HRVPP
2284,1430,HRVPP
2285,1431,HRVPP
2286,1432,HRVPP
2287,1433,HRVPP
2288,1434,HRVPP
2289,1435,HRVPP
2290,1436,HRVPP
2291,1437,HRVPP
2292,1438,HRVPP
2293,1439,HRVPP
2294,1440,HRVPP
2295,1441,HRVPP
2296,1442,HRVPP
2297,1443,HRVPP
2298,1444,HRVPP
2299,1445,HRVPP
2300,1446,HRVPP
2301,1447,HRVPP
2302,1448,HRVPP
2303,1449,HRVPP
2304,1450,HRVPP
2305,1452,HRVPP
2306,1453,HRVPP
2307,1454,HRVPP
2308,1455,HRVPP
2309,1456,HRVPP
2310,1457,HRVPP
2311,1458,HRVPP
2312,1459,HRVPP
2313,1461,HRVPP
2314,1462,HRVPP
2315,1463,HRVPP
2316,1464,HRVPP
2317,1465,HRVPP
2318,1466,HRVPP
2319,1467,HRVPP
2320,1469,HRVPP
2321,1470,HRVPP
2322,1471,HRVPP
2323,1472,HRVPP
2324,1473,HRVPP
2325,1474,HRVPP
2326,1475,HRVPP
2327,1476,HRVPP
2328,1477,HRVPP
2329,1478,HRVPP
2330,1479,HRVPP
2331,1480,HRVPP
2332,1481,HRVPP
2333,1482,HRVPP
2334,1483,HRVPP
2335,1484,HRVPP
2336,1485,HRVPP
2337,1486,HRVPP
2338,1487,HRVPP
2339,1489,HRVPP
2340,1490,HRVPP
2341,1491,HRVPP
2342,1492,HRVPP
2343,1493,HRVPP
2344,1494,HRVPP
2345,1495,HRVPP
2346,1496,HRVPP
2347,1497,HRVPP
2348,1498,HRVPP
2349,1499,HRVPP
2350,1500,HRVPP
2351,1501,HRVPP
2352,1502,HRVPP
2353,1503,HRVPP
2354,1504,HRVPP
2355,1505,HRVPP
2356,1506,HRVPP
2357,1507,HRVPP
2358,1508,HRVPP
2359,1509,HRVPP
2360,1510,HRVPP
2361,1511,HRVPP
2362,1512,HRVPP
2363,1513,HRVPP
2364,1514,HRVPP
2365,1515,HRVPP
2366,1516,HRVPP
2367,1517,HRVPP
2368,1518,HRVPP
2369,1519,HRVPP
2370,1520,HRVPP
2371,1521,HRVPP
2372,1522,HRVPP
2373,1523,HRVPP
2374,1524,HRVPP
2375,1525,HRVPP
2376,1526,HRVPP
2377,1527,HRVPP
2378,1528,HRVPP
2379,1529,HRVPP
2380,1530,HRVPP
2381,1531,HRVPP
2382,1532,HRVPP
2383,1533,HRVPP
2384,1534,HRVPP
2385,1535,HRVPP
2386,1536,HRVPP
2387,1537,HRVPP
2388,1538,HRVPP
2389,1539,HRVPP
2390,1540,HRVPP
2391,1541,HRVPP
2392,1542,HRVPP
2393,1543,HRVPP
2394,1544,HRVPP
2395,1545,HRVPP
2396,1546,HRVPP
2397,1547,HRVPP
2398,1548,HRVPP
2399,1549,HRVPP
2400,1550,HRVPP
2401,1551,HRVPP
2402,1552,HRVPP
2403,1553,HRVPP
2404,1554,HRVPP
2405,1555,HRVPP
2406,1556,HRVPP
2407,1557,HRVPP
2408,1558,HRVPP
2409,1559,HRVPP
2410,1560,HRVPP
2411,1561,HRVPP
2412,1562,HRVPP
2413,1563,HRVPP
2414,1564,HRVPP
2415,1565,HRVPP
2416,1566,HRVPP
2417,1567,HRVPP
2418,1568,HRVPP
2419,1569,HRVPP
2420,1570,HRVPP
2421,1571,HRVPP
2422,1572,HRVPP
2423,1573,HRVPP
2424,1574,HRVPP
2425,1575,HRVPP
2426,1576,HRVPP
2427,1577,HRVPP
2428,1578,HRVPP
2429,1579,HRVPP
2430,1580,HRVPP
2431,1581,HRVPP
2432,1582,HRVPP
2433,1583,HRVPP
2434,1584,HRVPP
2435,1585,HRVPP
2436,1586,HRVPP
2437,1587,HRVPP
2438,1588,HRVPP
2439,1589,HRVPP
2440,1590,HRVPP
2441,1591,HRVPP
2442,1592,HRVPP
2443,1593,HRVPP
2444,1594,HRVPP
2445,1595,HRVPP
2446,1596,HRVPP
2447,1597,HRVPP
2448,1598,HRVPP
2449,1599,HRVPP
2450,1600,HRVPP
2451,1601,HRVPP
2452,1604,HRVPP
2453,1605,HRVPP
2454,1606,HRVPP
2455,1607,HRVPP
2456,1608,HRVPP
2457,1609,HRVPP
2458,1610,HRVPP
2459,1611,HRVPP
2460,1612,HRVPP
2461,1613,HRVPP
2462,1614,HRVPP
2463,1615,HRVPP
2464,1616,HRVPP
2465,1617,HRVPP
2466,1618,HRVPP
2467,1619,HRVPP
2468,1620,HRVPP
2469,1621,HRVPP
2470,1622,HRVPP
2471,1623,HRVPP
2472,1624,HRVPP
2473,1625,HRVPP
2474,1626,HRVPP
2475,1627,HRVPP
2476,1628,HRVPP
2477,1629,HRVPP
2478,1630,HRVPP
2479,1631,HRVPP
2480,1632,HRVPP
2481,1633,HRVPP
2482,1634,HRVPP
2483,1635,HRVPP
2484,1636,HRVPP
2485,1637,HRVPP
2486,1638,HRVPP
2487,1639,HRVPP
2488,1640,HRVPP
2489,1641,HRVPP
2490,1642,HRVPP
2491,1643,HRVPP
2492,1644,HRVPP
2493,1645,HRVPP
2494,1646,HRVPP
2495,1647,HRVPP
2496,1648,HRVPP
2497,1649,HRVPP
2498,1650,HRVPP
2499,1651,HRVPP
2500,1652,HRVPP
2501,1653,HRVPP
2502,1654,HRVPP
2503,1655,HRVPP
2504,1656,HRVPP
2505,1657,HRVPP
2506,1658,HRVPP
2507,1659,HRVPP
2508,1660,HRVPP
2509,1662,HRVPP
2510,1663,HRVPP
2511,1664,HRVPP
2512,1665,HRVPP
2513,1666,HRVPP
2514,1667,HRVPP
2515,1668,HRVPP
2516,1669,HRVPP
2517,1670,HRVPP
2518,1671,HRVPP
2519,1673,HRVPP
2520,1674,HRVPP
2521,1675,HRVPP
2522,1676,HRVPP
2523,1677,HRVPP
2524,1678,HRVPP
2525,1679,HRVPP
2526,1680,HRVPP
2527,1681,HRVPP
2528,1682,HRVPP
2529,1683,HRVPP
2530,1684,HRVPP
2531,1685,HRVPP
2532,1686,HRVPP
2533,1687,HRVPP
2534,1688,HRVPP
2535,1689,HRVPP
2536,1690,HRVPP
2537,1691,HRVPP
2538,1692,HRVPP
2539,1693,HRVPP
2540,1694,HRVPP
2541,1695,HRVPP
2542,1696,HRVPP
2543,1697,HRVPP
2544,1698,HRVPP
2545,1699,HRVPP
2546,1700,HRVPP
2547,1701,HRVPP
2548,1702,HRVPP
2549,1703,HRVPP
2550,1704,HRVPP
2551,1705,HRVPP
2552,1706,HRVPP
2553,1707,HRVPP
2554,1708,HRVPP
2555,1709,HRVPP
2556,1710,HRVPP
2557,1711,HRVPP
2558,1712,HRVPP
2559,1713,HRVPP
2560,1714,HRVPP
2561,1715,HRVPP
2562,1716,HRVPP
2563,1717,HRVPP
2564,1718,HRVPP
2565,1719,HRVPP
2566,1720,HRVPP
2567,1721,HRVPP
2568,1722,HRVPP
2569,1723,HRVPP
2570,1724,HRVPP
2571,1725,HRVPP
2572,1727,HRVPP
2573,1728,HRVPP
2574,1729,HRVPP
2575,1730,HRVPP
2576,1731,HRVPP
2577,1732,HRVPP
2578,1733,HRVPP
2579,1734,HRVPP
2580,1735,HRVPP
2581,1736,HRVPP
2582,1737,HRVPP
2583,1738,HRVPP
2584,1739,HRVPP
2585,1740,HRVPP
2586,1741,HRVPP
2587,1742,HRVPP
2588,1743,HRVPP
2589,1744,HRVPP
2590,1745,HRVPP
2591,1746,HRVPP
2592,1747,HRVPP
2593,1748,HRVPP
2594,1749,HRVPP
2595,1750,HRVPP
2596,1751,HRVPP
2597,1752,HRVPP
2598,1753,HRVPP
2599,1754,HRVPP
2600,1755,HRVPP
2601,1756,HRVPP
2602,1758,HRVPP
2603,1759,HRVPP
2604,1760,HRVPP
2605,1761,HRVPP
2606,1762,HRVPP
2607,1763,HRVPP
2608,1764,HRVPP
2609,1765,HRVPP
2610,1766,HRVPP
2611,1767,HRVPP
2612,1768,HRVPP
2613,1769,HRVPP
2614,1770,HRVPP
2615,1771,HRVPP
2616,1772,HRVPP
2617,1773,HRVPP
2618,1774,HRVPP
2619,1775,HRVPP
2620,1776,HRVPP
2621,1777,HRVPP
2622,1778,HRVPP
2623,1779,HRVPP
2624,1780,HRVPP
2625,1781,HRVPP
2626,1782,HRVPP
2627,1783,HRVPP
2628,1784,HRVPP
2629,1785,HRVPP
2630,1786,HRVPP
2631,1787,HRVPP
2632,1788,HRVPP
2633,1789,HRVPP
2634,1790,HRVPP
2635,1791,HRVPP
2636,1793,HRVPP
2637,1794,HRVPP
2638,1795,HRVPP
2639,1796,HRVPP
2640,1797,HRVPP
2641,1798,HRVPP
2642,1799,HRVPP
2643,1800,HRVPP
2644,1801,HRVPP
2645,1802,HRVPP
2646,1803,HRVPP
2647,1804,HRVPP
2648,1805,HRVPP
2649,1806,HRVPP
2650,1807,HRVPP
2651,1808,HRVPP
2652,1809,HRVPP
2653,1810,HRVPP
2654,1811,HRVPP
2655,1812,HRVPP
2656,1813,HRVPP
2657,1815,HRVPP
2658,1816,HRVPP
2659,1817,HRVPP
2660,1818,HRVPP
2661,1819,HRVPP
2662,1820,HRVPP
2663,1821,HRVPP
2664,1822,HRVPP
2665,1823,HRVPP
2666,1824,HRVPP
2667,1825,HRVPP
2668,1826,HRVPP
2669,1827,HRVPP
2670,1828,HRVPP
2671,1829,HRVPP
2672,1830,HRVPP
2673,1831,HRVPP
2674,1832,HRVPP
2675,1833,HRVPP
2676,1834,HRVPP
2677,1835,HRVPP
2678,1836,HRVPP
2679,1837,HRVPP
2680,1838,HRVPP
2681,1839,HRVPP
2682,1840,HRVPP
2683,1841,HRVPP
2684,1842,HRVPP
2685,1843,HRVPP
2686,1845,HRVPP
2687,1846,HRVPP
2688,1847,HRVPP
2689,1848,HRVPP
2690,1849,HRVPP
2691,1850,HRVPP
2692,1851,HRVPP
2693,1852,HRVPP
2694,1853,HRVPP
2695,1854,HRVPP
2696,1855,HRVPP
2697,1856,HRVPP
2698,1857,HRVPP
2699,1858,HRVPP
2700,1859,HRVPP
2701,1860,HRVPP
2702,1861,HRVPP
2703,1862,HRVPP
2704,1863,HRVPP
2705,1864,HRVPP
2706,1865,HRVPP
2707,1866,HRVPP
2708,1867,HRVPP
2709,1868,HRVPP
2710,1869,HRVPP
2711,1870,HRVPP
2712,1872,HRVPP
2713,1874,HRVPP
2714,1875,HRVPP
2715,1876,HRVPP
2716,1877,HRVPP
2717,1878,HRVPP
2718,1879,HRVPP
2719,1880,HRVPP
2720,1881,HRVPP
2721,1882,HRVPP
2722,1883,HRVPP
2723,1884,HRVPP
2724,1885,HRVPP
2725,1886,HRVPP
2726,1887,HRVPP
2727,1888,HRVPP
2728,1889,HRVPP
2729,1890,HRVPP
2730,1891,HRVPP
2731,1892,HRVPP
2732,1893,HRVPP
2733,1894,HRVPP
2734,1895,HRVPP
2735,1896,HRVPP
2736,1898,HRVPP
2737,1899,HRVPP
2738,1900,HRVPP
2739,1901,HRVPP
2740,1902,HRVPP
2741,1903,HRVPP
2742,1904,HRVPP
2743,1905,HRVPP
2744,1906,HRVPP
2745,1907,HRVPP
2746,1908,HRVPP
2747,1909,HRVPP
2748,1910,HRVPP
2749,1911,HRVPP
2750,1912,HRVPP
2751,1913,HRVPP
2752,1914,HRVPP
2753,1915,HRVPP
2754,1916,HRVPP
2755,1917,HRVPP
2756,1918,HRVPP
2757,1919,HRVPP
2758,1920,HRVPP
2759,1921,HRVPP
2760,1922,HRVPP
2761,1923,HRVPP
2762,1924,HRVPP
2763,1925,HRVPP
2764,1926,HRVPP
2765,1927,HRVPP
2766,1928,HRVPP
2767,1929,HRVPP
2768,1930,HRVPP
2769,1931,HRVPP
2770,1932,HRVPP
2771,1933,HRVPP
2772,1934,HRVPP
2773,1935,HRVPP
2774,1936,HRVPP
2775,1938,HRVPP
2776,1939,HRVPP
2777,1940,HRVPP
2778,1941,HRVPP
2779,1942,HRVPP
2780,1943,HRVPP
2781,1944,HRVPP
2782,1945,HRVPP
2783,1947,HRVPP
2784,1948,HRVPP
2785,1949,HRVPP
2786,1950,HRVPP
2787,1951,HRVPP
2788,1952,HRVPP
2789,1953,HRVPP
2790,1955,HRVPP
2791,1956,HRVPP
2792,1957,HRVPP
2793,1958,HRVPP
2794,1959,HRVPP
2795,1960,HRVPP
2796,1961,HRVPP
2797,1962,HRVPP
2798,1963,HRVPP
2799,1964,HRVPP
2800,1965,HRVPP
2801,1966,HRVPP
2802,1967,HRVPP
2803,1968,HRVPP
2804,1969,HRVPP
2805,1970,HRVPP
2806,1971,HRVPP
2807,1972,HRVPP
2808,1973,HRVPP
2809,1974,HRVPP
2810,1975,HRVPP
2811,1976,HRVPP
2812,1978,HRVPP
2813,1979,HRVPP
2814,1980,HRVPP
2815,1981,HRVPP
2816,1982,HRVPP
2817,1983,HRVPP
2818,1985,HRVPP
2819,1986,HRVPP
2820,1988,HRVPP
2821,1989,HRVPP
2822,1990,HRVPP
2823,1991,HRVPP
2824,1992,HRVPP
2825,1993,HRVPP
2826,1994,HRVPP
2827,1995,HRVPP
2828,1996,HRVPP
2829,1997,HRVPP
2830,1998,HRVPP
2831,1999,HRVPP
2832,2000,HRVPP
2833,2001,HRVPP
2834,2002,HRVPP
2835,2003,HRVPP
2836,2004,HRVPP
2837,2005,HRVPP
2838,2006,HRVPP
2839,2007,HRVPP
2840,2008,HRVPP
2841,2009,HRVPP
2842,2010,HRVPP
2843,2011,HRVPP
2844,2012,HRVPP
2845,2014,HRVPP
2846,2015,HRVPP
2847,2016,HRVPP
2848,2017,HRVPP
2849,2018,HRVPP
2850,2019,HRVPP
2851,2020,HRVPP
2852,2021,HRVPP
2853,2022,HRVPP
2854,2023,HRVPP
2855,2024,HRVPP
2856,2025,HRVPP
2857,2026,HRVPP
2858,2027,HRVPP
2859,2028,HRVPP
2860,2029,HRVPP
2861,2030,HRVPP
2862,2031,HRVPP
2863,2032,HRVPP
2864,2033,HRVPP
2865,2034,HRVPP
2866,2035,HRVPP
2867,2036,HRVPP
2868,2037,HRVPP
2869,2038,HRVPP
2870,2039,HRVPP
2871,2040,HRVPP
2872,2041,HRVPP
2873,2042,HRVPP
2874,2043,HRVPP
2875,2044,HRVPP
2876,2045,HRVPP
2877,2046,HRVPP
2878,2047,HRVPP
2879,2048,HRVPP
2880,2049,HRVPP
2881,2050,HRVPP
2882,2051,HRVPP
2883,2052,HRVPP
2884,2053,HRVPP
2885,2054,HRVPP
2886,2055,HRVPP
2887,2056,HRVPP
2888,2057,HRVPP
2889,2059,HRVPP
2890,2060,HRVPP
2891,2061,HRVPP
2892,2062,HRVPP
2893,2063,HRVPP
2894,2064,HRVPP
2895,2065,HRVPP
2896,2066,HRVPP
2897,2067,HRVPP
2898,2068,HRVPP
2899,2069,HRVPP
2900,2070,HRVPP
2901,2071,HRVPP
2902,2072,HRVPP
2903,2073,HRVPP
2904,2074,HRVPP
2905,2075,HRVPP
2906,2076,HRVPP
2907,2077,HRVPP
2908,2078,HRVPP
2909,2079,HRVPP
2910,2080,HRVPP
2911,2081,HRVPP
2912,2082,HRVPP
2913,2083,HRVPP
2914,2084,HRVPP
2915,2085,HRVPP
2916,2086,HRVPP
2917,2087,HRVPP
2918,2088,HRVPP
2919,2089,HRVPP
2920,2090,HRVPP
2921,2091,HRVPP
2922,2092,HRVPP
2923,2093,HRVPP
2924,2094,HRVPP
2925,2095,HRVPP
2926,2097,HRVPP
2927,2098,HRVPP
2928,2099,HRVPP
2929,2100,HRVPP
2930,2101,HRVPP
2931,2102,HRVPP
2932,2103,HRVPP
2933,2104,HRVPP
2934,2105,HRVPP
2935,2106,HRVPP
2936,2107,HRVPP
2937,2108,HRVPP
2938,2109,HRVPP
2939,2111,HRVPP
2940,2112,HRVPP
2941,2113,HRVPP
2942,2114,HRVPP
2943,2115,HRVPP
2944,2116,HRVPP
2945,2117,HRVPP
2946,2118,HRVPP
2947,2119,HRVPP
2948,2120,HRVPP
2949,2121,HRVPP
2950,2122,HRVPP
2951,2123,HRVPP
2952,2124,HRVPP
2953,2125,HRVPP
2954,2126,HRVPP
2955,2127,HRVPP
2956,2128,HRVPP
2957,2129,HRVPP
2958,2130,HRVPP
2959,2131,HRVPP
2960,2132,HRVPP
2961,2133,HRVPP
2962,2134,HRVPP
2963,2135,HRVPP
2964,2136,HRVPP
2965,2137,HRVPP
2966,2138,HRVPP
2967,2139,HRVPP
2968,2140,HRVPP
2969,2141,HRVPP
2970,2142,HRVPP
2971,2143,HRVPP
2972,2144,HRVPP
2973,2145,HRVPP
2974,2146,HRVPP
2975,2147,HRVPP
2976,2148,HRVPP
2977,2149,HRVPP
2978,2150,HRVPP
2979,2151,HRVPP
2980,2152,HRVPP
2981,2153,HRVPP
2982,2154,HRVPP
2983,2155,HRVPP
2984,2157,HRVPP
2985,2158,HRVPP
2986,2159,HRVPP
2987,2160,HRVPP
2988,2161,HRVPP
2989,2162,HRVPP
2990,2163,HRVPP
2991,2164,HRVPP
2992,2165,HRVPP
2993,2166,HRVPP
2994,2167,HRVPP
2995,2168,HRVPP
2996,2169,HRVPP
2997,2170,HRVPP
2998,2171,HRVPP
2999,2172,HRVPP
3000,2173,HRVPP
3001,2174,HRVPP
3002,2175,HRVPP
3003,2176,HRVPP
3004,2177,HRVPP
3005,2178,HRVPP
3006,2179,HRVPP
3007,2180,HRVPP
3008,2181,HRVPP
3009,2182,HRVPP
3010,2183,HRVPP
3011,2184,HRVPP
3012,2185,HRVPP
3013,2186,HRVPP
3014,2187,HRVPP
3015,2188,HRVPP
3016,2189,HRVPP
3017,2190,HRVPP
3018,2191,HRVPP
3019,2192,HRVPP
3020,2193,HRVPP
3021,2194,HRVPP
3022,2195,HRVPP
3023,2196,HRVPP
3024,2197,HRVPP
3025,2198,HRVPP
3026,2199,HRVPP
3027,2200,HRVPP
3028,2201,HRVPP
3029,2202,HRVPP
3030,2204,HRVPP
3031,2205,HRVPP
3032,2206,HRVPP
3033,2207,HRVPP
3034,2208,HRVPP
3035,2209,HRVPP
3036,2210,HRVPP
3037,2211,HRVPP
3038,2212,HRVPP
3039,2213,HRVPP
3040,2214,HRVPP
3041,2216,HRVPP
3042,2217,HRVPP
3043,2218,HRVPP
3044,2219,HRVPP
3045,2220,HRVPP
3046,2221,HRVPP
3047,2222,HRVPP
3048,2223,HRVPP
3049,2224,HRVPP
3050,2225,HRVPP
3051,2226,HRVPP
3052,2229,HRVPP
3053,2230,HRVPP
3054,2231,HRVPP
3055,2232,HRVPP
3056,2233,HRVPP
3057,2234,HRVPP
3058,2235,HRVPP
3059,2236,HRVPP
3060,2237,HRVPP
3061,2238,HRVPP
3062,2239,HRVPP
3063,2240,HRVPP
3064,2241,HRVPP
3065,2242,HRVPP
3066,2243,HRVPP
3067,2244,HRVPP
3068,2245,HRVPP
3069,2246,HRVPP
3070,2247,HRVPP
3071,2248,HRVPP
3072,2249,HRVPP
3073,2250,HRVPP
3074,2252,HRVPP
3075,2253,HRVPP
3076,2254,HRVPP
3077,2255,HRVPP
3078,2256,HRVPP
3079,2257,HRVPP
3080,2258,HRVPP
3081,2259,HRVPP
3082,2260,HRVPP
3083,2261,HRVPP
3084,2262,HRVPP
3085,2263,HRVPP
3086,2264,HRVPP
3087,2265,HRVPP
3088,2266,HRVPP
3089,2267,HRVPP
3090,2268,HRVPP
3091,2269,HRVPP
3092,2270,HRVPP
3093,2271,HRVPP
3094,2272,HRVPP
3095,2273,HRVPP
3096,2274,HRVPP
3097,2275,HRVPP
3098,2276,HRVPP
3099,2277,HRVPP
3100,2278,HRVPP
3101,2279,HRVPP
3102,2280,HRVPP
3103,2281,HRVPP
3104,2282,HRVPP
3105,2283,HRVPP
3106,2284,HRVPP
3107,2285,HRVPP
3108,2286,HRVPP
3109,2287,HRVPP
3110,2288,HRVPP
3111,2289,HRVPP
3112,2290,HRVPP
3113,2291,HRVPP
3114,2292,HRVPP
3115,2293,HRVPP
3116,2294,HRVPP
3117,2295,HRVPP
3118,2296,HRVPP
3119,2297,HRVPP
3120,2298,HRVPP
3121,2299,HRVPP
3122,2300,HRVPP
3123,2301,HRVPP
3124,2302,HRVPP
3125,2303,HRVPP
3126,2304,HRVPP
3127,2305,HRVPP
3128,2306,HRVPP
3129,2307,HRVPP
3130,2308,HRVPP
3131,2309,HRVPP
3132,2310,HRVPP
3133,2311,HRVPP
3134,2312,HRVPP
3135,2313,HRVPP
3136,2314,HRVPP
3137,2315,HRVPP
3138,2316,HRVPP
3139,2317,HRVPP
3140,2318,HRVPP
3141,2319,HRVPP
3142,2320,HRVPP
3143,2321,HRVPP
3144,2322,HRVPP
3145,2323,HRVPP
3146,2324,HRVPP
3147,2325,HRVPP
3148,2326,HRVPP
3149,2327,HRVPP
3150,2329,HRVPP
3151,2330,HRVPP
3152,2331,HRVPP
3153,2332,HRVPP
3154,2333,HRVPP
3155,2334,HRVPP
3156,2335,HRVPP
3157,2336,HRVPP
3158,2337,HRVPP
3159,2338,HRVPP
3160,2339,HRVPP
3161,2340,HRVPP
3162,2341,HRVPP
3163,2342,HRVPP
3164,2343,HRVPP
3165,2345,HRVPP
3166,2346,HRVPP
3167,2347,HRVPP
3168,2348,HRVPP
3169,2349,HRVPP
3170,2350,HRVPP
3171,2351,HRVPP
3172,2352,HRVPP
3173,2353,HRVPP
3174,2354,HRVPP
3175,2355,HRVPP
3176,2356,HRVPP
3177,2357,HRVPP
3178,2358,HRVPP
3179,2359,HRVPP
3180,2360,HRVPP
3181,2361,HRVPP
3182,2362,HRVPP
3183,2363,HRVPP
3184,2364,HRVPP
3185,2365,HRVPP
3186,2366,HRVPP
3187,2367,HRVPP
3188,2368,HRVPP
3189,2369,HRVPP
3190,2370,HRVPP
3191,2371,HRVPP
3192,2372,HRVPP
3193,2373,HRVPP
3194,2374,HRVPP
3195,2375,HRVPP
3196,2376,HRVPP
3197,2377,HRVPP
3198,2378,HRVPP
3199,2380,HRVPP
3200,2381,HRVPP
3201,2382,HRVPP
3202,2383,HRVPP
3203,2384,HRVPP
3204,2385,HRVPP
3205,2386,HRVPP
3206,2387,HRVPP
3207,2388,HRVPP
3208,2389,HRVPP
3209,2390,HRVPP
3210,2391,HRVPP
3211,2392,HRVPP
3212,2393,HRVPP
3213,2394,HRVPP
3214,2395,HRVPP
3215,2397,HRVPP
3216,2398,HRVPP
3217,2399,HRVPP
3218,2400,HRVPP
3219,2402,HRVPP
3220,2403,HRVPP
3221,2405,HRVPP
3222,2406,HRVPP
3223,2407,HRVPP
3224,2408,HRVPP
3225,2409,HRVPP
3226,2410,HRVPP
3227,2411,HRVPP
3228,2412,HRVPP
3229,2413,HRVPP
3230,2414,HRVPP
3231,2416,HRVPP
3232,2417,HRVPP
3233,2418,HRVPP
3234,2419,HRVPP
3235,2420,HRVPP
3236,2421,HRVPP
3237,2422,HRVPP
3238,2423,HRVPP
3239,2424,HRVPP
3240,2425,HRVPP
3241,2426,HRVPP
3242,2427,HRVPP
3243,2428,HRVPP
3244,2429,HRVPP
3245,2430,HRVPP
3246,2431,HRVPP
3247,2433,HRVPP
3248,2434,HRVPP
3249,2435,HRVPP
3250,2436,HRVPP
3251,2438,HRVPP
3252,2439,HRVPP
3253,2440,HRVPP
3254,2441,HRVPP
3255,2444,HRVPP
3256,2445,HRVPP
3257,2446,HRVPP
3258,2447,HRVPP
3259,2448,HRVPP
3260,2449,HRVPP
3261,2450,HRVPP
3262,2451,HRVPP
3263,2452,HRVPP
3264,2453,HRVPP
3265,2454,HRVPP
3266,2455,HRVPP
3267,2456,HRVPP
3268,2457,HRVPP
3269,2458,HRVPP
3270,2459,HRVPP
3271,2461,HRVPP
3272,2462,HRVPP
3273,2463,HRVPP
3274,2464,HRVPP
3275,2465,HRVPP
3276,2466,HRVPP
3277,2467,HRVPP
3278,2468,HRVPP
3279,2469,HRVPP
3280,2470,HRVPP
3281,2471,HRVPP
3282,2472,HRVPP
3283,2473,HRVPP
3284,2474,HRVPP
3285,2475,HRVPP
3286,2476,HRVPP
3287,2477,HRVPP
3288,2478,HRVPP
3289,2479,HRVPP
3290,2480,HRVPP
3291,2482,HRVPP
3292,2483,HRVPP
3293,2484,HRVPP
3294,2485,HRVPP
3295,2486,HRVPP
3296,2487,HRVPP
3297,2488,HRVPP
3298,2489,HRVPP
3299,2490,HRVPP
3300,2491,HRVPP
3301,2492,HRVPP
3302,2493,HRVPP
3303,2494,HRVPP
3304,2495,HRVPP
3305,2496,HRVPP
3306,2497,HRVPP
3307,2498,HRVPP
3308,2499,HRVPP
3309,2500,HRVPP
3310,2501,HRVPP
3311,2502,HRVPP
3312,2503,HRVPP
3313,2504,HRVPP
3314,2505,HRVPP
3315,2506,HRVPP
3316,2507,HRVPP
3317,2508,HRVPP
3318,2509,HRVPP
3319,2510,HRVPP
3320,2511,HRVPP
3321,2512,HRVPP
3322,2513,HRVPP
3323,2514,HRVPP
3324,2515,HRVPP
3325,2516,HRVPP
3326,2517,HRVPP
3327,2518,HRVPP
3328,2519,HRVPP
3329,2520,HRVPP
3330,2521,HRVPP
3331,2522,HRVPP
3332,2523,HRVPP
3333,2524,HRVPP
3334,2525,HRVPP
3335,2526,HRVPP
3336,2527,HRVPP
3337,2528,HRVPP
3338,2529,HRVPP
3339,2530,HRVPP
3340,2531,HRVPP
3341,2532,HRVPP
3342,2533,HRVPP
3343,2534,HRVPP
3344,2536,HRVPP
3345,2537,HRVPP
3346,2538,HRVPP
3347,2539,HRVPP
3348,2540,HRVPP
3349,2542,HRVPP
3350,2543,HRVPP
3351,2544,HRVPP
3352,2545,HRVPP
3353,2546,HRVPP
3354,2547,HRVPP
3355,2548,HRVPP
3356,2549,HRVPP
3357,2550,HRVPP
3358,2551,HRVPP
3359,2552,HRVPP
3360,2553,HRVPP
3361,2554,HRVPP
3362,2555,HRVPP
3363,2556,HRVPP
3364,2557,HRVPP
3365,2558,HRVPP
3366,2559,HRVPP
3367,2560,HRVPP
3368,2561,HRVPP
3369,2562,HRVPP
3370,2563,HRVPP
3371,2564,HRVPP
3372,2565,HRVPP
3373,2566,HRVPP
3374,2567,HRVPP
3375,2568,HRVPP
3376,2569,HRVPP
3377,2570,HRVPP
3378,2571,HRVPP
3379,2572,HRVPP
3380,2573,HRVPP
3381,2574,HRVPP
3382,2575,HRVPP
3383,2576,HRVPP
3384,2577,HRVPP
3385,2578,HRVPP
3386,2579,HRVPP
3387,2580,HRVPP
3388,2581,HRVPP
3389,2582,HRVPP
3390,2583,HRVPP
3391,2584,HRVPP
3392,2585,HRVPP
3393,2586,HRVPP
3394,2587,HRVPP
3395,2588,HRVPP
3396,2589,HRVPP
3397,2590,HRVPP
3398,2591,HRVPP
3399,2592,HRVPP
3400,2593,HRVPP
3401,2594,HRVPP
3402,2595,HRVPP
3403,2596,HRVPP
3404,2597,HRVPP
3405,2598,HRVPP
3406,2599,HRVPP
3407,2600,HRVPP
3408,2601,HRVPP
3409,2602,HRVPP
3410,2603,HRVPP
3411,2604,HRVPP
3412,2605,HRVPP
3413,2607,HRVPP
3414,2608,HRVPP
3415,2609,HRVPP
3416,2610,HRVPP
3417,2611,HRVPP
3418,2612,HRVPP
3419,2613,HRVPP
3420,2614,HRVPP
3421,2615,HRVPP
3422,2616,HRVPP
3423,2617,HRVPP
3424,2618,HRVPP
3425,2619,HRVPP
3426,2620,HRVPP
3427,2621,HRVPP
3428,2622,HRVPP
3429,2623,HRVPP
3430,2624,HRVPP
3431,2625,HRVPP
3432,2626,HRVPP
3433,2627,HRVPP
3434,2628,HRVPP
3435,2629,HRVPP
3436,2630,HRVPP
3437,2631,HRVPP
3438,2632,HRVPP
3439,2633,HRVPP
3440,2634,HRVPP
3441,2635,HRVPP
3442,2636,HRVPP
3443,2637,HRVPP
3444,2638,HRVPP
3445,2639,HRVPP
3446,2640,HRVPP
3447,2641,HRVPP
3448,2642,HRVPP
3449,2643,HRVPP
3450,2644,HRVPP
3451,2645,HRVPP
3452,2647,HRVPP
3453,2648,HRVPP
3454,2649,HRVPP
3455,2650,HRVPP
3456,2651,HRVPP
3457,2652,HRVPP
3458,2653,HRVPP
3459,2654,HRVPP
3460,2655,HRVPP
3461,2656,HRVPP
3462,2657,HRVPP
3463,2658,HRVPP
3464,2659,HRVPP
3465,2660,HRVPP
3466,2661,HRVPP
3467,2662,HRVPP
3468,2663,HRVPP
3469,2664,HRVPP
3470,2665,HRVPP
3471,2666,HRVPP
3472,2667,HRVPP
3473,2668,HRVPP
3474,2669,HRVPP
3475,2670,HRVPP
3476,2671,HRVPP
3477,2672,HRVPP
3478,2674,HRVPP
3479,2676,HRVPP
3480,2677,HRVPP
3481,2678,HRVPP
3482,2679,HRVPP
3483,2680,HRVPP
3484,2681,HRVPP
3485,2682,HRVPP
3486,2683,HRVPP
3487,2684,HRVPP
3488,2685,HRVPP
3489,2686,HRVPP
3490,2687,HRVPP
3491,2688,HRVPP
3492,2689,HRVPP
3493,2690,HRVPP
3494,2691,HRVPP
3495,2692,HRVPP
3496,2693,HRVPP
3497,2694,HRVPP
3498,2695,HRVPP
3499,2696,HRVPP
3500,2697,HRVPP
3501,2698,HRVPP
3502,2699,HRVPP
3503,2700,HRVPP
3504,2701,HRVPP
3505,2702,HRVPP
3506,2703,HRVPP
3507,2704,HRVPP
3508,2705,HRVPP
3509,2706,HRVPP
3510,2707,HRVPP
3511,2708,HRVPP
3512,2709,HRVPP
3513,2711,HRVPP
3514,2712,HRVPP
3515,2713,HRVPP
3516,2714,HRVPP
3517,2715,HRVPP
3518,2716,HRVPP
3519,2717,HRVPP
3520,2719,HRVPP
3521,2720,HRVPP
3522,2721,HRVPP
3523,2722,HRVPP
3524,2723,HRVPP
3525,2724,HRVPP
3526,2725,HRVPP
3527,2726,HRVPP
3528,2727,HRVPP
3529,60,Windthrow
3530,61,Windthrow
3531,90,Windthrow
3532,102,Windthrow
3533,105,Windthrow
3534,106,Windthrow
3535,113,Windthrow
3536,114,Windthrow
3537,115,Windthrow
3538,339,Windthrow
3539,383,Windthrow
3540,448,Windthrow
3541,455,Windthrow
3542,458,Windthrow
3543,463,Windthrow
3544,466,Windthrow
3545,472,Windthrow
3546,475,Windthrow
3547,478,Windthrow
3548,487,Windthrow
3549,488,Windthrow
3550,489,Windthrow
3551,490,Windthrow
3552,497,Windthrow
3553,507,Windthrow
3554,525,Windthrow
3555,534,Windthrow
3556,541,Windthrow
3557,543,Windthrow
3558,544,Windthrow
3559,549,Windthrow
3560,561,Windthrow
3561,572,Windthrow
3562,602,Windthrow
3563,612,Windthrow
3564,616,Windthrow
3565,629,Windthrow
3566,630,Windthrow
3567,661,Windthrow
3568,667,Windthrow
3569,669,Windthrow
3570,675,Windthrow
3571,685,Windthrow
3572,691,Windthrow
3573,714,Windthrow
3574,724,Windthrow
3575,741,Windthrow
3576,755,Windthrow
3577,757,Windthrow
3578,759,Windthrow
3579,761,Windthrow
3580,763,Windthrow
3581,764,Windthrow
3582,767,Windthrow
3583,768,Windthrow
3584,771,Windthrow
3585,772,Windthrow
3586,773,Windthrow
3587,777,Windthrow
3588,778,Windthrow
3589,782,Windthrow
3590,784,Windthrow
3591,787,Windthrow
3592,788,Windthrow
3593,789,Windthrow
3594,790,Windthrow
3595,792,Windthrow
3596,793,Windthrow
3597,794,Windthrow
3598,797,Windthrow
3599,798,Windthrow
3600,801,Windthrow
3601,802,Windthrow
3602,805,Windthrow
3603,806,Windthrow
3604,809,Windthrow
3605,810,Windthrow
3606,812,Windthrow
3607,813,Windthrow
3608,817,Windthrow
3609,822,Windthrow
3610,823,Windthrow
3611,824,Windthrow
3612,828,Windthrow
3613,830,Windthrow
3614,1015,Windthrow
3615,1047,Windthrow
3616,1112,Windthrow
3617,1161,Windthrow
3618,1164,Windthrow
3619,1178,Windthrow
3620,1300,Windthrow
3621,1309,Windthrow
3622,1329,Windthrow
3623,1350,Windthrow
3624,1555,Windthrow
3625,1566,Windthrow
3626,1719,Windthrow
3627,1876,Windthrow
3628,1975,Windthrow
3629,2009,Windthrow
3630,2039,Windthrow
3631,2120,Windthrow
3632,2445,Windthrow
3633,2588,Windthrow
3634,2680,Windthrow
3635,2941,Windthrow
3636,2998,Windthrow
3637,3144,Windthrow
3638,3168,Windthrow
3639,3624,Windthrow
3640,3838,Windthrow
3641,4166,Windthrow
3642,4199,Windthrow
3643,4202,Windthrow
3644,4224,Windthrow
3645,4498,Windthrow
3646,4838,Windthrow
3647,4888,Windthrow
3648,5029,Windthrow
3649,5031,Windthrow
3650,5083,Windthrow
3651,5091,Windthrow
3652,5331,Windthrow
3653,5346,Windthrow
3654,5461,Windthrow
3655,5499,Windthrow
3656,5506,Windthrow
3657,5641,Windthrow
3658,5747,Windthrow
3659,5784,Windthrow
3660,5803,Windthrow
3661,5883,Windthrow
3662,5904,Windthrow
3663,5937,Windthrow
3664,6116,Windthrow
3665,6304,Windthrow
3666,6310,Windthrow
3667,6327,Windthrow
3668,6446,Windthrow
3669,6596,Windthrow
3670,6597,Windthrow
3671,6679,Windthrow
3672,6918,Windthrow
3673,6929,Windthrow
3674,7178,Windthrow
3675,7280,Windthrow
3676,7459,Windthrow
3677,7653,Windthrow
3678,7718,Windthrow
3679,7789,Windthrow
3680,7884,Windthrow
3681,8080,Windthrow
3682,8384,Windthrow
3683,8437,Windthrow
3684,9503,Windthrow
3685,9504,Windthrow
3686,9617,Windthrow
3687,9704,Windthrow
3688,10017,Windthrow
3689,10046,Windthrow
3690,10394,Windthrow
3691,10705,Windthrow
3692,10885,Windthrow
3693,11172,Windthrow
3694,11206,Windthrow
3695,11208,Windthrow
3696,11377,Windthrow
3697,11714,Windthrow
3698,11717,Windthrow
3699,11812,Windthrow
3700,11823,Windthrow
3701,11824,Windthrow
3702,11825,Windthrow
3703,11837,Windthrow
3704,11852,Windthrow
3705,11855,Windthrow
3706,11866,Windthrow
3707,11868,Windthrow
3708,11870,Windthrow
3709,11874,Windthrow
3710,11908,Windthrow
3711,11913,Windthrow
3712,11925,Windthrow
3713,11933,Windthrow
3714,11935,Windthrow
3715,11936,Windthrow
3716,11949,Windthrow
3717,11951,Windthrow
3718,11955,Windthrow
3719,11957,Windthrow
3720,11979,Windthrow
3721,12116,Windthrow
3722,12315,Windthrow
3723,13047,Windthrow
3724,13116,Windthrow
3725,13542,Windthrow
3726,13543,Windthrow
3727,13546,Windthrow
3728,13666,Windthrow
3729,13675,Windthrow
3730,13678,Windthrow
3731,13686,Windthrow
3732,13795,Windthrow
3733,13936,Windthrow
3734,14036,Windthrow
3735,14139,Windthrow
3736,14169,Windthrow
3737,14172,Windthrow
3738,14238,Windthrow
3739,14239,Windthrow
3740,14257,Windthrow
3741,14300,Windthrow
3742,14375,Windthrow
3743,14392,Windthrow
3744,14414,Windthrow
3745,14467,Windthrow
3746,14519,Windthrow
3747,14532,Windthrow
3748,14550,Windthrow
3749,14572,Windthrow
3750,14629,Windthrow
3751,14679,Windthrow
3752,14839,Windthrow
3753,14900,Windthrow
3754,15398,Windthrow
3755,15455,Windthrow
3756,15508,Windthrow
3757,15602,Windthrow
3758,15627,Windthrow
3759,15688,Windthrow
3760,15696,Windthrow
3761,15722,Windthrow
3762,15935,Windthrow
3763,15954,Windthrow
3764,15966,Windthrow
3765,15967,Windthrow
3766,15968,Windthrow
3767,15969,Windthrow
3768,15970,Windthrow
3769,15978,Windthrow
3770,15981,Windthrow
3771,15982,Windthrow
3772,15984,Windthrow
3773,15985,Windthrow
3774,15986,Windthrow
3775,15987,Windthrow
3776,15988,Windthrow
3777,15989,Windthrow
3778,15990,Windthrow
3779,15991,Windthrow
3780,15994,Windthrow
3781,15996,Windthrow
3782,15997,Windthrow
3783,15998,Windthrow
3784,15999,Windthrow
3785,16000,Windthrow
3786,16001,Windthrow
3787,16003,Windthrow
3788,16005,Windthrow
3789,16006,Windthrow
3790,16007,Windthrow
3791,16009,Windthrow
3792,16013,Windthrow
3793,16017,Windthrow
3794,16018,Windthrow
3795,16021,Windthrow
3796,16023,Windthrow
3797,16025,Windthrow
3798,16026,Windthrow
3799,16027,Windthrow
3800,16028,Windthrow
3801,16029,Windthrow
3802,16030,Windthrow
3803,16031,Windthrow
3804,16033,Windthrow
3805,16035,Windthrow
3806,16039,Windthrow
3807,16043,Windthrow
3808,16044,Windthrow
3809,16045,Windthrow
3810,16046,Windthrow
3811,16048,Windthrow
3812,16050,Windthrow
3813,16052,Windthrow
3814,16053,Windthrow
3815,16060,Windthrow
3816,16061,Windthrow
3817,16063,Windthrow
3818,16066,Windthrow
3819,16067,Windthrow
3820,16070,Windthrow
3821,16071,Windthrow
3822,16076,Windthrow
